USE ad_ods;

INSERT INTO advertiser(advertiser_id, advertiser_name, industry, tier, home_region, signup_date) VALUES
('adv_003','UNIQLO','apparel','KA','Tokyo','2026-04-03'),
('adv_004','蕉内','apparel','KA','Guangdong','2026-04-05'),
('adv_002','Zara','apparel','Growth','Madrid','2026-04-23'),
('adv_001','UR','apparel','Growth','Guangdong','2026-04-24'),
('adv_006','比亚迪','automotive','KA','Guangdong','2026-04-15'),
('adv_005','Tesla','automotive','KA','Texas','2026-04-16'),
('adv_007','蔚来','automotive','KA','Shanghai','2026-05-08'),
('adv_008','鸿蒙智行','automotive','Growth','Beijing','2026-05-10'),
('adv_015','Coca-Cola','beverage','KA','Georgia','2026-04-04'),
('adv_012','L''Oreal','beauty','KA','Paris','2026-04-10'),
('adv_010','SK-II','beauty','KA','Tokyo','2026-05-03'),
('adv_013','Shiseido','beauty','KA','Tokyo','2026-05-04'),
('adv_009','Lancôme','beauty','KA','Paris','2026-05-05'),
('adv_014','Estée Lauder','beauty','KA','New York','2026-05-06'),
('adv_011','YSL Beauty','beauty','KA','Paris','2026-05-07'),
('adv_017','瑞幸咖啡','coffee','SMB','Fujian','2026-04-12'),
('adv_016','库迪咖啡','coffee','Growth','Beijing','2026-05-14'),
('adv_020','小米','consumer_electronics','Growth','Beijing','2026-04-11'),
('adv_018','Apple','consumer_electronics','KA','California','2026-04-13'),
('adv_019','华为','consumer_electronics','KA','Guangdong','2026-04-14'),
('adv_022','天猫','ecommerce','KA','Zhejiang','2026-04-17'),
('adv_021','京东','ecommerce','KA','Beijing','2026-04-18'),
('adv_026','腾讯游戏','game','KA','Guangdong','2026-04-08'),
('adv_025','网易游戏','game','Growth','Zhejiang','2026-04-09'),
('adv_024','米哈游','game','Growth','Shanghai','2026-04-21'),
('adv_027','美团','local_service','Growth','Beijing','2026-04-19'),
('adv_029','Gucci','luxury','KA','Florence','2026-04-28'),
('adv_031','Louis Vuitton','luxury','KA','Paris','2026-04-29'),
('adv_028','Dior','luxury','KA','Paris','2026-05-01'),
('adv_030','Hermes','luxury','KA','Paris','2026-05-02'),
('adv_033','Nike','sportswear','Growth','Oregon','2026-04-06'),
('adv_032','Adidas','sportswear','Growth','Bavaria','2026-04-07'),
('adv_036','OpenAI','technology','KA','California','2026-04-01'),
('adv_035','NVIDIA','technology','KA','California','2026-04-25'),
('adv_034','Anthropic','technology','KA','California','2026-04-26'),
('adv_037','携程','travel','Growth','Shanghai','2026-04-20'),
('adv_038','去哪儿','travel','Growth','Beijing','2026-05-09'),
('adv_023','拼多多','ecommerce','KA','Shanghai','2026-05-11'),
('adv_039','理想','automotive','KA','Beijing','2026-05-15')
ON DUPLICATE KEY UPDATE
  advertiser_name=VALUES(advertiser_name),
  industry=VALUES(industry),
  tier=VALUES(tier),
  home_region=VALUES(home_region),
  signup_date=VALUES(signup_date);

INSERT INTO campaign(campaign_id, advertiser_id, campaign_name, objective, budget, status) VALUES
('cmp_036_01','adv_036','ChatGPT Plus 增长计划','ROI',50000,'running'),
('cmp_036_02','adv_036','OpenAI API 企业版','GMV',30000,'running'),
('cmp_003_01','adv_003','UNIQLO 夏季系列','ROI',42000,'running'),
('cmp_015_01','adv_015','可口可乐夏日营销','GMV',28000,'running'),
('cmp_004_01','adv_004','蕉内舒适系列','ROI',24000,'running'),
('cmp_033_01','adv_033','耐克跑步系列','ROI',45000,'running'),
('cmp_032_01','adv_032','阿迪达斯经典系列','GMV',51000,'running'),
('cmp_026_01','adv_026','腾讯游戏新品上线','CTR',17000,'running'),
('cmp_025_01','adv_025','网易游戏赛季通行证','Retention',33000,'running'),
('cmp_012_01','adv_012','欧莱雅美妆节','ROI',70000,'running'),
('cmp_020_01','adv_020','小米智慧生活','GMV',21000,'running'),
('cmp_017_01','adv_017','瑞幸夏日咖啡','CTR',19000,'running'),
('cmp_016_01','adv_016','库迪咖啡夏日特饮','GMV',26000,'running'),
('cmp_018_01','adv_018','Apple 开学季','GMV',68000,'running'),
('cmp_019_01','adv_019','华为旗舰发布','ROI',72000,'running'),
('cmp_006_01','adv_006','比亚迪新能源轿车','CTR',64000,'running'),
('cmp_005_01','adv_005','特斯拉 Model Y 推广','CTR',66000,'running'),
('cmp_007_01','adv_007','蔚来 ET5 上市','ROI',68000,'running'),
('cmp_008_01','adv_008','鸿蒙智行智能出行','GMV',42000,'running'),
('cmp_005_02','adv_005','特斯拉超充网络','GMV',59000,'running'),
('cmp_006_02','adv_006','比亚迪混动升级','ROI',62000,'running'),
('cmp_007_02','adv_007','蔚来换电权益','GMV',64000,'running'),
('cmp_022_01','adv_022','天猫 618 大促','GMV',85000,'running'),
('cmp_021_01','adv_021','京东超级品牌日','GMV',78000,'running'),
('cmp_027_01','adv_027','美团本地优惠','ROI',46000,'running'),
('cmp_037_01','adv_037','携程夏日出行','ROI',52000,'running'),
('cmp_038_01','adv_038','去哪儿夏季旅行优惠','GMV',36000,'running'),
('cmp_024_01','adv_024','原神新版本','Retention',58000,'running'),
('cmp_002_01','adv_002','Zara 夏季上新','GMV',38000,'running'),
('cmp_001_01','adv_001','UR 新季上新','CTR',35000,'running'),
('cmp_035_01','adv_035','NVIDIA RTX AI PC 上市','GMV',82000,'running'),
('cmp_034_01','adv_034','Claude Code 团队版','ROI',76000,'running'),
('cmp_023_01','adv_023','拼多多大促','GMV',88000,'running'),
('cmp_029_01','adv_029','Gucci 新季营销','ROI',88000,'running'),
('cmp_031_01','adv_031','Louis Vuitton 旅行皮具系列','GMV',98000,'running'),
('cmp_028_01','adv_028','Dior 美妆经典系列','ROI',84000,'running'),
('cmp_030_01','adv_030','Hermes 经典皮具','GMV',110000,'running'),
('cmp_010_01','adv_010','SK-II 神仙水系列','GMV',62000,'running'),
('cmp_013_01','adv_013','资生堂肌肤科技','ROI',58000,'running'),
('cmp_009_01','adv_009','兰蔻进阶护肤','GMV',69000,'running'),
('cmp_014_01','adv_014','雅诗兰黛持妆粉底','ROI',73000,'running'),
('cmp_011_01','adv_011','YSL Beauty 口红系列','CTR',54000,'running'),
('cmp_036_03','adv_036','OpenAI 团队版扩展','ROI',42000,'running'),
('cmp_036_04','adv_036','ChatGPT 订阅增长','GMV',36000,'running'),
('cmp_036_05','adv_036','OpenAI 代码助手升级','ROI',48000,'running'),
('cmp_012_02','adv_012','欧莱雅护肤节','ROI',55000,'running'),
('cmp_012_03','adv_012','欧莱雅彩妆上新','GMV',47000,'running'),
('cmp_012_04','adv_012','欧莱雅夏季焕新','GMV',59000,'running'),
('cmp_037_02','adv_037','携程暑期出境游','GMV',64000,'running'),
('cmp_037_03','adv_037','携程酒店会员日','ROI',51000,'running'),
('cmp_037_04','adv_037','携程中秋出行','GMV',67000,'running'),
('cmp_023_02','adv_023','拼多多百亿补贴','GMV',92000,'running'),
('cmp_023_03','adv_023','拼多多年中大促','CTR',87000,'running'),
('cmp_023_04','adv_023','拼多多秋季大促','GMV',93000,'running'),
('cmp_039_01','adv_039','理想家庭出行','ROI',76000,'running'),
('cmp_008_02','adv_008','鸿蒙智行智驾焕新','ROI',53000,'running'),
('cmp_039_02','adv_039','理想 L 系列上新','GMV',82000,'running'),
('cmp_008_03','adv_008','鸿蒙智行秋季出行','GMV',56000,'running'),
('cmp_039_03','adv_039','理想秋季长途','ROI',84000,'running')
ON DUPLICATE KEY UPDATE campaign_name=VALUES(campaign_name);

INSERT INTO `unit`(unit_id, campaign_id, unit_name, bid_type, bid_amount, status) VALUES
('unit_036_01_01','cmp_036_01','ChatGPT 增长单元','CPC',2.5000,'running'),
('unit_036_02_01','cmp_036_02','OpenAI API 单元','OCPC',3.2000,'running'),
('unit_003_01_01','cmp_003_01','优衣库夏季单元','OCPC',2.9000,'running'),
('unit_015_01_01','cmp_015_01','可口可乐夏日单元','CPC',2.1000,'running'),
('unit_004_01_01','cmp_004_01','蕉内舒适单元','CPM',16.0000,'running'),
('unit_033_01_01','cmp_033_01','耐克跑步单元','OCPC',3.5000,'running'),
('unit_032_01_01','cmp_032_01','阿迪达斯经典单元','CPC',2.7000,'running'),
('unit_026_01_01','cmp_026_01','腾讯游戏上线单元','CPM',15.0000,'running'),
('unit_025_01_01','cmp_025_01','网易游戏通行证单元','OCPC',3.1000,'running'),
('unit_012_01_01','cmp_012_01','欧莱雅美妆单元','CPC',3.8000,'running'),
('unit_020_01_01','cmp_020_01','小米生活单元','OCPC',2.6000,'running'),
('unit_017_01_01','cmp_017_01','瑞幸咖啡单元','CPM',17.0000,'running'),
('unit_016_01_01','cmp_016_01','库迪咖啡单元','OCPC',2.8000,'running'),
('unit_018_01_01','cmp_018_01','Apple 开学单元','OCPC',4.2000,'running'),
('unit_019_01_01','cmp_019_01','华为发布单元','OCPC',4.0000,'running'),
('unit_006_01_01','cmp_006_01','比亚迪单元','CPC',5.2000,'running'),
('unit_005_01_01','cmp_005_01','特斯拉单元','CPC',5.6000,'running'),
('unit_007_01_01','cmp_007_01','蔚来单元','OCPC',5.9000,'running'),
('unit_008_01_01','cmp_008_01','鸿蒙智行单元','CPC',3.9000,'running'),
('unit_005_02_01','cmp_005_02','特斯拉超充单元','OCPC',5.8000,'running'),
('unit_005_02_02','cmp_005_02','特斯拉长续航单元','CPC',5.4000,'running'),
('unit_006_02_01','cmp_006_02','比亚迪混动单元','OCPC',5.1000,'running'),
('unit_006_02_02','cmp_006_02','比亚迪升级单元','CPC',4.9000,'running'),
('unit_007_02_01','cmp_007_02','蔚来换电单元','OCPC',6.1000,'running'),
('unit_007_02_02','cmp_007_02','蔚来权益单元','CPC',5.7000,'running'),
('unit_022_01_01','cmp_022_01','天猫单元','OCPC',3.6000,'running'),
('unit_021_01_01','cmp_021_01','京东单元','OCPC',3.5000,'running'),
('unit_027_01_01','cmp_027_01','美团单元','CPC',2.4000,'running'),
('unit_037_01_01','cmp_037_01','携程单元','OCPC',3.8000,'running'),
('unit_038_01_01','cmp_038_01','去哪儿单元','OCPC',3.2000,'running'),
('unit_024_01_01','cmp_024_01','原神单元','CPM',22.0000,'running'),
('unit_002_01_01','cmp_002_01','Zara 单元','OCPC',3.4000,'running'),
('unit_001_01_01','cmp_001_01','UR 单元','CPC',3.0000,'running'),
('unit_035_01_01','cmp_035_01','NVIDIA 单元','OCPC',6.5000,'running'),
('unit_034_01_01','cmp_034_01','Claude Code 单元','OCPC',6.2000,'running'),
('unit_023_01_01','cmp_023_01','拼多多单元','OCPC',4.1000,'running'),
('unit_029_01_01','cmp_029_01','Gucci 单元','CPC',7.2000,'running'),
('unit_031_01_01','cmp_031_01','Louis Vuitton 单元','OCPC',8.4000,'running'),
('unit_028_01_01','cmp_028_01','Dior 单元','OCPC',6.6000,'running'),
('unit_030_01_01','cmp_030_01','Hermes 单元','OCPC',9.5000,'running'),
('unit_010_01_01','cmp_010_01','SK-II 单元','OCPC',5.8000,'running'),
('unit_013_01_01','cmp_013_01','资生堂单元','OCPC',5.6000,'running'),
('unit_009_01_01','cmp_009_01','兰蔻单元','OCPC',6.1000,'running'),
('unit_014_01_01','cmp_014_01','雅诗兰黛单元','CPC',6.4000,'running'),
('unit_011_01_01','cmp_011_01','YSL Beauty 单元','CPM',5.2000,'running'),
('unit_036_03_01','cmp_036_03','OpenAI 团队版信息流','OCPC',6.8000,'running'),
('unit_036_03_02','cmp_036_03','OpenAI 团队版视频','CPM',7.2000,'running'),
('unit_036_04_01','cmp_036_04','ChatGPT 订阅转化','CPC',5.9000,'running'),
('unit_036_04_02','cmp_036_04','ChatGPT 会员召回','OCPC',5.4000,'running'),
('unit_036_05_01','cmp_036_05','OpenAI 代码助手单元','OCPC',6.9000,'running'),
('unit_036_05_02','cmp_036_05','OpenAI 代码助手补充单元','CPC',6.3000,'running'),
('unit_012_02_01','cmp_012_02','欧莱雅精华单元','OCPC',6.1000,'running'),
('unit_012_02_02','cmp_012_02','欧莱雅面霜单元','CPC',5.6000,'running'),
('unit_012_03_01','cmp_012_03','欧莱雅彩妆单元','CPM',6.3000,'running'),
('unit_012_03_02','cmp_012_03','欧莱雅唇釉单元','OCPC',5.8000,'running'),
('unit_012_04_01','cmp_012_04','欧莱雅焕新单元','OCPC',6.5000,'running'),
('unit_012_04_02','cmp_012_04','欧莱雅夏季单元','CPC',5.9000,'running'),
('unit_037_02_01','cmp_037_02','携程机票单元','OCPC',4.9000,'running'),
('unit_037_02_02','cmp_037_02','携程出境游单元','CPC',5.2000,'running'),
('unit_037_03_01','cmp_037_03','携程会员日单元','CPM',4.7000,'running'),
('unit_037_03_02','cmp_037_03','携程酒店单元','OCPC',5.0000,'running'),
('unit_037_04_01','cmp_037_04','携程中秋单元','OCPC',5.1000,'running'),
('unit_037_04_02','cmp_037_04','携程团圆出行单元','CPC',4.8000,'running'),
('unit_023_02_01','cmp_023_02','拼多多补贴单元','OCPC',4.3000,'running'),
('unit_023_02_02','cmp_023_02','拼多多爆款单元','CPC',4.6000,'running'),
('unit_023_03_01','cmp_023_03','拼多多年中大促单元','CPM',4.9000,'running'),
('unit_023_03_02','cmp_023_03','拼多多拉新单元','OCPC',4.2000,'running'),
('unit_023_04_01','cmp_023_04','拼多多秋季单元','OCPC',4.7000,'running'),
('unit_023_04_02','cmp_023_04','拼多多用户召回单元','CPC',4.4000,'running'),
('unit_039_01_01','cmp_039_01','理想家庭出行单元','OCPC',5.7000,'running'),
('unit_008_02_01','cmp_008_02','鸿蒙智行智驾单元','OCPC',4.1000,'running'),
('unit_039_02_01','cmp_039_02','理想上新单元','CPC',5.3000,'running'),
('unit_008_03_01','cmp_008_03','鸿蒙智行秋季单元','OCPC',4.3000,'running'),
('unit_008_03_02','cmp_008_03','鸿蒙智行出行单元','CPC',4.0000,'running'),
('unit_039_03_01','cmp_039_03','理想秋季单元','OCPC',5.6000,'running'),
('unit_039_03_02','cmp_039_03','理想长途单元','CPC',5.2000,'running')
ON DUPLICATE KEY UPDATE unit_name=VALUES(unit_name), bid_amount=VALUES(bid_amount);

INSERT INTO creative(creative_id, campaign_id, unit_id, creative_name, format) VALUES
('crt_036_01_01_01','cmp_036_01','unit_036_01_01','ChatGPT Plus 增长创意','short_video'),
('crt_036_02_01_01','cmp_036_02','unit_036_02_01','OpenAI API 企业方案','feed_card'),
('crt_003_01_01_01','cmp_003_01','unit_003_01_01','优衣库夏季穿搭','feed_card'),
('crt_015_01_01_01','cmp_015_01','unit_015_01_01','可口可乐夏日清爽','short_video'),
('crt_004_01_01_01','cmp_004_01','unit_004_01_01','蕉内舒适系列','live_room'),
('crt_033_01_01_01','cmp_033_01','unit_033_01_01','耐克跑步系列','feed_card'),
('crt_032_01_01_01','cmp_032_01','unit_032_01_01','阿迪达斯经典款','short_video'),
('crt_026_01_01_01','cmp_026_01','unit_026_01_01','腾讯游戏新作','feed_card'),
('crt_025_01_01_01','cmp_025_01','unit_025_01_01','网易游戏赛季通行证','live_room'),
('crt_012_01_01_01','cmp_012_01','unit_012_01_01','欧莱雅美妆节','short_video'),
('crt_020_01_01_01','cmp_020_01','unit_020_01_01','小米智慧生活','feed_card'),
('crt_017_01_01_01','cmp_017_01','unit_017_01_01','瑞幸夏日咖啡','live_room'),
('crt_016_01_01_01','cmp_016_01','unit_016_01_01','库迪咖啡冰咖故事','short_video'),
('crt_018_01_01_01','cmp_018_01','unit_018_01_01','Apple 开学季','feed_card'),
('crt_019_01_01_01','cmp_019_01','unit_019_01_01','华为旗舰发布','short_video'),
('crt_006_01_01_01','cmp_006_01','unit_006_01_01','比亚迪试驾','feed_card'),
('crt_005_01_01_01','cmp_005_01','unit_005_01_01','特斯拉 Model Y 视频','short_video'),
('crt_007_01_01_01','cmp_007_01','unit_007_01_01','蔚来 ET5 上市视频','short_video'),
('crt_008_01_01_01','cmp_008_01','unit_008_01_01','鸿蒙智行智能出行故事','feed_card'),
('crt_005_02_01_01','cmp_005_02','unit_005_02_01','特斯拉超充网络介绍','short_video'),
('crt_005_02_02_01','cmp_005_02','unit_005_02_02','特斯拉长续航体验','feed_card'),
('crt_006_02_01_01','cmp_006_02','unit_006_02_01','比亚迪混动升级介绍','short_video'),
('crt_006_02_02_01','cmp_006_02','unit_006_02_02','比亚迪升级权益','feed_card'),
('crt_007_02_01_01','cmp_007_02','unit_007_02_01','蔚来换电服务介绍','short_video'),
('crt_007_02_02_01','cmp_007_02','unit_007_02_02','蔚来权益视频','feed_card'),
('crt_022_01_01_01','cmp_022_01','unit_022_01_01','天猫 618 直播间','live_room'),
('crt_021_01_01_01','cmp_021_01','unit_021_01_01','京东品牌日信息流','feed_card'),
('crt_027_01_01_01','cmp_027_01','unit_027_01_01','美团周边优惠','feed_card'),
('crt_037_01_01_01','cmp_037_01','unit_037_01_01','携程夏日出行视频','short_video'),
('crt_038_01_01_01','cmp_038_01','unit_038_01_01','去哪儿旅行优惠','feed_card'),
('crt_024_01_01_01','cmp_024_01','unit_024_01_01','原神版本预告','short_video'),
('crt_002_01_01_01','cmp_002_01','unit_002_01_01','Zara 夏季新品图册','feed_card'),
('crt_001_01_01_01','cmp_001_01','unit_001_01_01','UR 街头风穿搭','short_video'),
('crt_035_01_01_01','cmp_035_01','unit_035_01_01','NVIDIA AI PC 预告','short_video'),
('crt_034_01_01_01','cmp_034_01','unit_034_01_01','Claude Code 团队演示','feed_card'),
('crt_023_01_01_01','cmp_023_01','unit_023_01_01','拼多多大促故事','feed_card'),
('crt_029_01_01_01','cmp_029_01','unit_029_01_01','Gucci 秀场精选','short_video'),
('crt_031_01_01_01','cmp_031_01','unit_031_01_01','Louis Vuitton 旅行故事','feed_card'),
('crt_028_01_01_01','cmp_028_01','unit_028_01_01','Dior 美妆经典展示','feed_card'),
('crt_030_01_01_01','cmp_030_01','unit_030_01_01','Hermes 工艺纪录片','short_video'),
('crt_010_01_01_01','cmp_010_01','unit_010_01_01','SK-II 神仙水揭秘','feed_card'),
('crt_013_01_01_01','cmp_013_01','unit_013_01_01','资生堂焕亮护理','short_video'),
('crt_009_01_01_01','cmp_009_01','unit_009_01_01','兰蔻精华故事','feed_card'),
('crt_014_01_01_01','cmp_014_01','unit_014_01_01','雅诗兰黛持妆演示','short_video'),
('crt_011_01_01_01','cmp_011_01','unit_011_01_01','YSL Beauty 口红发布','feed_card'),
('crt_036_03_01_01','cmp_036_03','unit_036_03_01','OpenAI 团队版介绍','feed_card'),
('crt_036_03_02_01','cmp_036_03','unit_036_03_02','OpenAI 团队版演示','short_video'),
('crt_036_03_01_02','cmp_036_03','unit_036_03_01','OpenAI 团队版补充图文','feed_card'),
('crt_036_04_01_01','cmp_036_04','unit_036_04_01','ChatGPT 订阅转化页','feed_card'),
('crt_036_04_02_01','cmp_036_04','unit_036_04_02','ChatGPT 会员召回视频','short_video'),
('crt_036_04_01_02','cmp_036_04','unit_036_04_01','ChatGPT 订阅补充页','feed_card'),
('crt_036_05_01_01','cmp_036_05','unit_036_05_01','OpenAI 代码助手介绍','short_video'),
('crt_036_05_02_01','cmp_036_05','unit_036_05_02','OpenAI 代码助手补充','feed_card'),
('crt_012_02_01_01','cmp_012_02','unit_012_02_01','欧莱雅精华讲解','feed_card'),
('crt_012_02_02_01','cmp_012_02','unit_012_02_02','欧莱雅面霜短视频','short_video'),
('crt_012_02_01_02','cmp_012_02','unit_012_02_01','欧莱雅精华补充素材','short_video'),
('crt_012_03_01_01','cmp_012_03','unit_012_03_01','欧莱雅彩妆上新图文','feed_card'),
('crt_012_03_02_01','cmp_012_03','unit_012_03_02','欧莱雅唇釉视频','short_video'),
('crt_012_04_01_01','cmp_012_04','unit_012_04_01','欧莱雅焕新讲解','feed_card'),
('crt_012_04_02_01','cmp_012_04','unit_012_04_02','欧莱雅夏季短视频','short_video'),
('crt_037_02_01_01','cmp_037_02','unit_037_02_01','携程机票优惠','feed_card'),
('crt_037_02_02_01','cmp_037_02','unit_037_02_02','携程出境游预热视频','short_video'),
('crt_037_02_01_02','cmp_037_02','unit_037_02_01','携程机票补充卡片','feed_card'),
('crt_037_03_01_01','cmp_037_03','unit_037_03_01','携程会员日权益','feed_card'),
('crt_037_03_02_01','cmp_037_03','unit_037_03_02','携程酒店推广视频','short_video'),
('crt_037_04_01_01','cmp_037_04','unit_037_04_01','携程中秋出行页','feed_card'),
('crt_037_04_02_01','cmp_037_04','unit_037_04_02','携程团圆出行视频','short_video'),
('crt_023_02_01_01','cmp_023_02','unit_023_02_01','拼多多补贴页','feed_card'),
('crt_023_02_02_01','cmp_023_02','unit_023_02_02','拼多多爆款短视频','short_video'),
('crt_023_02_01_02','cmp_023_02','unit_023_02_01','拼多多补贴补充页','feed_card'),
('crt_023_03_01_01','cmp_023_03','unit_023_03_01','拼多多年中大促页','feed_card'),
('crt_023_03_02_01','cmp_023_03','unit_023_03_02','拼多多拉新视频','short_video'),
('crt_023_04_01_01','cmp_023_04','unit_023_04_01','拼多多秋季大促页','feed_card'),
('crt_023_04_02_01','cmp_023_04','unit_023_04_02','拼多多召回视频','short_video'),
('crt_039_01_01_01','cmp_039_01','unit_039_01_01','理想家庭出行故事','short_video'),
('crt_008_02_01_01','cmp_008_02','unit_008_02_01','鸿蒙智行智驾宣传','short_video'),
('crt_008_02_01_02','cmp_008_02','unit_008_02_01','鸿蒙智行智驾补充','feed_card'),
('crt_039_02_01_01','cmp_039_02','unit_039_02_01','理想 L 系列讲解','short_video'),
('crt_039_02_01_02','cmp_039_02','unit_039_02_01','理想 L 系列补充','feed_card'),
('crt_008_03_01_01','cmp_008_03','unit_008_03_01','鸿蒙智行秋季出行','short_video'),
('crt_008_03_02_01','cmp_008_03','unit_008_03_02','鸿蒙智行出行补充','feed_card'),
('crt_039_03_01_01','cmp_039_03','unit_039_03_01','理想秋季单元讲解','short_video'),
('crt_039_03_02_01','cmp_039_03','unit_039_03_02','理想长途出行补充','feed_card')
ON DUPLICATE KEY UPDATE creative_name=VALUES(creative_name);
